step,nviols,p,nchanged,delta
0,9,0.111111111111,0,9.0
1,9,0.111111111111,2,9.0
